{
  "final_score": 99.26800999999999,
  "termination_reason": "error",
  "hint_tokens": 0,
  "remaining_tokens": 9926801.0,
  "participant_id": "04da138f-8205-4888-812e-3fc3a01c8570",
  "solved_problems": [],
  "submission_trial": {},
  "tokens_score": [
    [
      1725.0,
      99.98275
    ],
    [
      5732.0,
      99.94268
    ],
    [
      12010.0,
      99.87989999999999
    ],
    [
      20569.0,
      99.79431
    ],
    [
      31087.0,
      99.68913
    ],
    [
      43556.0,
      99.56444
    ],
    [
      57275.0,
      99.42725
    ],
    [
      73199.0,
      99.26800999999999
    ],
    [
      73199.0,
      99.26800999999999
    ]
  ]
}