{
  "final_score": 46.19149999999999,
  "termination_reason": "competitor_terminated",
  "hint_tokens": 4500,
  "remaining_tokens": 9619150.0,
  "participant_id": "c4a1c8f1-39d6-4c68-bae5-a0c94d1fd7e0",
  "solved_problems": [],
  "submission_trial": {
    "1325_bronze_rotate_and_shift": [
      [
        "RE",
        0,
        10
      ],
      [
        "RE",
        0,
        10
      ],
      [
        "RE",
        0,
        10
      ],
      [
        "RE",
        0,
        10
      ],
      [
        "RE",
        0,
        10
      ]
    ]
  },
  "tokens_score": [
    [
      1385.0,
      99.98615
    ],
    [
      5350.0,
      99.9465
    ],
    [
      16819.0,
      99.83181
    ],
    [
      35919.0,
      89.64081
    ],
    [
      57731.0,
      89.42269
    ],
    [
      92404.0,
      79.07596
    ],
    [
      128789.0,
      78.71211
    ],
    [
      172105.0,
      68.27895
    ],
    [
      217634.0,
      67.82366
    ],
    [
      270811.0,
      57.29189000000001
    ],
    [
      325765.0,
      46.74235
    ],
    [
      380850.0,
      46.19149999999999
    ],
    [
      380850.0,
      46.19149999999999
    ]
  ]
}