{
  "final_score": 53.94309,
  "termination_reason": "competitor_terminated",
  "hint_tokens": 5500,
  "remaining_tokens": 9394309.0,
  "participant_id": "8c4ba250-d11d-4362-9686-2ca55d565d7b",
  "solved_problems": [],
  "submission_trial": {
    "1325_bronze_rotate_and_shift": [
      [
        "RE",
        0,
        10
      ],
      [
        "RE",
        0,
        10
      ],
      [
        "RE",
        0,
        10
      ],
      [
        "RE",
        0,
        10
      ]
    ]
  },
  "tokens_score": [
    [
      2462.0,
      99.97538
    ],
    [
      9121.0,
      99.90879
    ],
    [
      28732.0,
      99.71267999999999
    ],
    [
      62623.0,
      89.37377
    ],
    [
      100249.0,
      88.99751
    ],
    [
      162001.0,
      78.37998999999999
    ],
    [
      226989.0,
      77.73011
    ],
    [
      306263.0,
      66.93737
    ],
    [
      389270.0,
      66.1073
    ],
    [
      496282.0,
      55.03717999999999
    ],
    [
      605691.0,
      53.94309
    ],
    [
      605691.0,
      53.94309
    ]
  ]
}