{
  "final_score": 46.9144,
  "termination_reason": "competitor_terminated",
  "hint_tokens": 4000,
  "remaining_tokens": 9691440.0,
  "participant_id": "4abcb7de-aa4c-4c15-91ca-519f402bed49",
  "solved_problems": [],
  "submission_trial": {
    "1325_bronze_rotate_and_shift": [
      [
        "RE",
        0,
        10
      ],
      [
        "RE",
        0,
        10
      ],
      [
        "RE",
        0,
        10
      ],
      [
        "RE",
        0,
        10
      ],
      [
        "RE",
        0,
        10
      ]
    ]
  },
  "tokens_score": [
    [
      1385.0,
      99.98615
    ],
    [
      5850.0,
      99.9415
    ],
    [
      17954.0,
      89.82046
    ],
    [
      32770.0,
      89.6723
    ],
    [
      60483.0,
      79.39517
    ],
    [
      89908.0,
      79.10092
    ],
    [
      126309.0,
      68.73691
    ],
    [
      164921.0,
      68.35079
    ],
    [
      211210.0,
      57.8879
    ],
    [
      259239.0,
      47.407610000000005
    ],
    [
      308560.0,
      46.9144
    ],
    [
      308560.0,
      46.9144
    ]
  ]
}