{
  "final_score": 22.870410000000007,
  "termination_reason": "error",
  "hint_tokens": 6000,
  "remaining_tokens": 9287041.0,
  "participant_id": "0f8216ff-5026-46a4-a3a8-dc7502990d2d",
  "solved_problems": [],
  "submission_trial": {
    "1325_bronze_rotate_and_shift": [
      [
        "RE",
        0,
        10
      ],
      [
        "RE",
        0,
        10
      ],
      [
        "RE",
        0,
        10
      ],
      [
        "RE",
        0,
        10
      ],
      [
        "RE",
        0,
        10
      ],
      [
        "RE",
        0,
        10
      ],
      [
        "RE",
        0,
        10
      ]
    ]
  },
  "tokens_score": [
    [
      2462.0,
      99.97538
    ],
    [
      9277.0,
      89.90723
    ],
    [
      19325.0,
      89.80675
    ],
    [
      43698.0,
      79.56302000000001
    ],
    [
      71809.0,
      79.28191
    ],
    [
      124041.0,
      68.75959
    ],
    [
      179006.0,
      68.20993999999999
    ],
    [
      246687.0,
      57.53313
    ],
    [
      318099.0,
      56.819010000000006
    ],
    [
      414121.0,
      45.85879
    ],
    [
      513249.0,
      34.867509999999996
    ],
    [
      613362.0,
      23.866380000000007
    ],
    [
      712959.0,
      22.870410000000007
    ],
    [
      712959.0,
      22.870410000000007
    ]
  ]
}