{
  "final_score": 47.23392,
  "termination_reason": "competitor_terminated",
  "hint_tokens": 4000,
  "remaining_tokens": 9723392.0,
  "participant_id": "e7eb885c-0006-446e-bfc6-b40689a4109e",
  "solved_problems": [],
  "submission_trial": {
    "1325_bronze_rotate_and_shift": [
      [
        "RE",
        0,
        10
      ],
      [
        "RE",
        0,
        10
      ],
      [
        "RE",
        0,
        10
      ],
      [
        "RE",
        0,
        10
      ],
      [
        "RE",
        0,
        10
      ]
    ]
  },
  "tokens_score": [
    [
      1385.0,
      99.98615
    ],
    [
      5256.0,
      89.94744
    ],
    [
      11338.0,
      89.88662000000001
    ],
    [
      25039.0,
      79.74961
    ],
    [
      41452.0,
      79.58548
    ],
    [
      70717.0,
      69.29283
    ],
    [
      101694.0,
      68.98306
    ],
    [
      139593.0,
      58.60406999999999
    ],
    [
      179706.0,
      58.20294000000001
    ],
    [
      227491.0,
      47.72509000000001
    ],
    [
      276608.0,
      47.23392
    ],
    [
      276608.0,
      47.23392
    ]
  ]
}