{
  "final_score": 45.56318,
  "termination_reason": "competitor_terminated",
  "hint_tokens": 4000,
  "remaining_tokens": 9556318.0,
  "participant_id": "71e9e38b-cecb-409f-871d-0ecbc574729c",
  "solved_problems": [],
  "submission_trial": {
    "1325_bronze_rotate_and_shift": [
      [
        "RE",
        0,
        10
      ],
      [
        "RE",
        0,
        10
      ],
      [
        "RE",
        0,
        10
      ]
    ],
    "1323_bronze_feb": [
      [
        "RE",
        0,
        10
      ],
      [
        "RE",
        0,
        10
      ]
    ]
  },
  "tokens_score": [
    [
      2462.0,
      99.97538
    ],
    [
      9234.0,
      89.90765999999999
    ],
    [
      19245.0,
      89.80755
    ],
    [
      43463.0,
      79.56537
    ],
    [
      71415.0,
      79.28585
    ],
    [
      123336.0,
      68.76664000000001
    ],
    [
      177705.0,
      58.22295
    ],
    [
      234287.0,
      57.65713000000001
    ],
    [
      294850.0,
      47.051500000000004
    ],
    [
      359143.0,
      46.40857
    ],
    [
      443682.0,
      45.56318
    ],
    [
      443682.0,
      45.56318
    ]
  ]
}