{
  "final_score": 33.09375,
  "termination_reason": "error",
  "hint_tokens": 6000,
  "remaining_tokens": 9309375.0,
  "participant_id": "8ed2d5c0-25fd-4d30-a461-0b401bf048a6",
  "solved_problems": [],
  "submission_trial": {
    "1325_bronze_rotate_and_shift": [
      [
        "RE",
        0,
        10
      ],
      [
        "RE",
        0,
        10
      ],
      [
        "RE",
        0,
        10
      ],
      [
        "RE",
        0,
        10
      ],
      [
        "RE",
        0,
        10
      ],
      [
        "RE",
        0,
        10
      ]
    ]
  },
  "tokens_score": [
    [
      2463.0,
      99.97537
    ],
    [
      9381.0,
      89.90619
    ],
    [
      19532.0,
      89.80468
    ],
    [
      44052.0,
      79.55948
    ],
    [
      72303.0,
      79.27696999999999
    ],
    [
      124779.0,
      68.75220999999999
    ],
    [
      179993.0,
      68.20007
    ],
    [
      247943.0,
      57.52056999999999
    ],
    [
      319029.0,
      56.80971000000001
    ],
    [
      403057.0,
      45.96943
    ],
    [
      490588.0,
      45.094120000000004
    ],
    [
      590726.0,
      34.09273999999999
    ],
    [
      690625.0,
      33.09375
    ],
    [
      690625.0,
      33.09375
    ]
  ]
}