{
  "final_score": 39.81564,
  "termination_reason": "competitor_terminated",
  "hint_tokens": 7500,
  "remaining_tokens": 8981564.0,
  "participant_id": "34050d7d-33bb-4d3d-9db9-2408786aed16",
  "solved_problems": [],
  "submission_trial": {
    "1325_bronze_rotate_and_shift": [
      [
        "RE",
        0,
        10
      ],
      [
        "RE",
        0,
        10
      ]
    ],
    "1324_bronze_moo_language": [
      [
        "RE",
        0,
        10
      ]
    ],
    "1323_bronze_feb": [
      [
        "RE",
        0,
        10
      ],
      [
        "RE",
        0,
        10
      ]
    ]
  },
  "tokens_score": [
    [
      2462.0,
      99.97538
    ],
    [
      9621.0,
      99.90379
    ],
    [
      31145.0,
      89.68854999999999
    ],
    [
      56410.0,
      89.4359
    ],
    [
      105726.0,
      78.94274
    ],
    [
      157258.0,
      78.42742
    ],
    [
      214380.0,
      77.8562
    ],
    [
      285268.0,
      77.14732000000001
    ],
    [
      378384.0,
      66.21616
    ],
    [
      474725.0,
      65.25274999999999
    ],
    [
      579705.0,
      64.20295
    ],
    [
      686579.0,
      53.134209999999996
    ],
    [
      793487.0,
      52.065129999999996
    ],
    [
      906037.0,
      40.93963000000001
    ],
    [
      1018436.0,
      39.81564
    ],
    [
      1018436.0,
      39.81564
    ]
  ]
}