{
  "final_score": 26.644350000000003,
  "termination_reason": "competitor_terminated",
  "hint_tokens": 4000,
  "remaining_tokens": 9664435.0,
  "participant_id": "62a5ede2-0d22-4451-ae88-46a40a47a1b6",
  "solved_problems": [],
  "submission_trial": {
    "1325_bronze_rotate_and_shift": [
      [
        "RE",
        0,
        10
      ],
      [
        "RE",
        0,
        10
      ],
      [
        "RE",
        0,
        10
      ],
      [
        "RE",
        0,
        10
      ],
      [
        "RE",
        0,
        10
      ],
      [
        "RE",
        0,
        10
      ],
      [
        "RE",
        0,
        10
      ]
    ]
  },
  "tokens_score": [
    [
      1385.0,
      99.98615
    ],
    [
      5295.0,
      89.94705
    ],
    [
      11417.0,
      89.88583
    ],
    [
      25232.0,
      79.74768
    ],
    [
      41759.0,
      79.58241
    ],
    [
      71501.0,
      69.28499
    ],
    [
      103101.0,
      58.968990000000005
    ],
    [
      137416.0,
      58.62584
    ],
    [
      184647.0,
      48.15353
    ],
    [
      233747.0,
      37.662530000000004
    ],
    [
      284680.0,
      27.1532
    ],
    [
      335565.0,
      26.644350000000003
    ],
    [
      335565.0,
      26.644350000000003
    ]
  ]
}