{
  "final_score": 9.988610000000008,
  "termination_reason": "competitor_terminated",
  "hint_tokens": 6500,
  "remaining_tokens": 8998861.0,
  "participant_id": "b900bf29-f396-4354-a494-983e48ab4103",
  "solved_problems": [],
  "submission_trial": {
    "1325_bronze_rotate_and_shift": [
      [
        "RE",
        0,
        10
      ],
      [
        "RE",
        0,
        10
      ],
      [
        "RE",
        0,
        10
      ],
      [
        "RE",
        0,
        10
      ]
    ],
    "1323_bronze_feb": [
      [
        "RE",
        0,
        10
      ],
      [
        "RE",
        0,
        10
      ],
      [
        "RE",
        0,
        10
      ],
      [
        "RE",
        0,
        10
      ]
    ]
  },
  "tokens_score": [
    [
      2462.0,
      99.97538
    ],
    [
      9323.0,
      89.90677
    ],
    [
      19417.0,
      89.80583
    ],
    [
      43825.0,
      79.56175
    ],
    [
      71966.0,
      79.28034
    ],
    [
      124158.0,
      68.75842
    ],
    [
      180082.0,
      68.19918
    ],
    [
      260101.0,
      57.39899
    ],
    [
      342636.0,
      46.57364000000001
    ],
    [
      427389.0,
      45.72610999999999
    ],
    [
      516062.0,
      34.83937999999999
    ],
    [
      605775.0,
      33.94225
    ],
    [
      700771.0,
      22.992289999999997
    ],
    [
      797165.0,
      22.028350000000003
    ],
    [
      899225.0,
      11.007750000000001
    ],
    [
      1001139.0,
      9.988610000000008
    ],
    [
      1001139.0,
      9.988610000000008
    ]
  ]
}