{
  "final_score": -131.30607,
  "termination_reason": "competitor_terminated",
  "hint_tokens": 8000,
  "remaining_tokens": 8869393.0,
  "participant_id": "86ce604f-d667-4142-b5c8-b9555b7be795",
  "solved_problems": [],
  "submission_trial": {
    "1325_bronze_rotate_and_shift": [
      [
        "RE",
        0,
        10
      ],
      [
        "RE",
        0,
        10
      ],
      [
        "RE",
        0,
        10
      ],
      [
        "RE",
        0,
        10
      ],
      [
        "RE",
        0,
        10
      ],
      [
        "RE",
        0,
        10
      ],
      [
        "RE",
        0,
        10
      ],
      [
        "RE",
        0,
        10
      ],
      [
        "RE",
        0,
        10
      ],
      [
        "RE",
        0,
        10
      ],
      [
        "RE",
        0,
        10
      ],
      [
        "RE",
        0,
        10
      ],
      [
        "RE",
        0,
        10
      ],
      [
        "RE",
        0,
        10
      ],
      [
        "RE",
        0,
        10
      ],
      [
        "RE",
        0,
        10
      ],
      [
        "RE",
        0,
        10
      ]
    ],
    "1324_bronze_moo_language": [
      [
        "RE",
        0,
        10
      ],
      [
        "RE",
        0,
        10
      ],
      [
        "RE",
        0,
        10
      ]
    ],
    "1323_bronze_feb": [
      [
        "RE",
        0,
        10
      ],
      [
        "RE",
        0,
        10
      ]
    ]
  },
  "tokens_score": [
    [
      1385.0,
      99.98615
    ],
    [
      5248.0,
      89.94752
    ],
    [
      11310.0,
      89.8869
    ],
    [
      25001.0,
      79.74999
    ],
    [
      41391.0,
      79.58609
    ],
    [
      70739.0,
      69.29261
    ],
    [
      102285.0,
      68.97715000000001
    ],
    [
      141476.0,
      58.58524
    ],
    [
      181858.0,
      58.18142
    ],
    [
      224784.0,
      47.75216
    ],
    [
      270409.0,
      47.29590999999999
    ],
    [
      327898.0,
      36.721019999999996
    ],
    [
      384879.0,
      26.151209999999992
    ],
    [
      442540.0,
      15.574600000000004
    ],
    [
      493613.0,
      5.063869999999994
    ],
    [
      545545.0,
      -5.455449999999999
    ],
    [
      585318.0,
      -15.853180000000009
    ],
    [
      625668.0,
      -26.256680000000003
    ],
    [
      660468.0,
      -26.604680000000002
    ],
    [
      707077.0,
      -37.07077000000001
    ],
    [
      753332.0,
      -47.53332
    ],
    [
      800371.0,
      -58.00371
    ],
    [
      834593.0,
      -68.34593
    ],
    [
      868662.0,
      -78.68662
    ],
    [
      902812.0,
      -89.02812
    ],
    [
      936826.0,
      -99.36825999999999
    ],
    [
      970868.0,
      -109.70868
    ],
    [
      1005652.0,
      -110.05652
    ],
    [
      1051504.0,
      -120.51504
    ],
    [
      1097578.0,
      -130.97578
    ],
    [
      1130607.0,
      -131.30607
    ],
    [
      1130607.0,
      -131.30607
    ]
  ]
}