{
  "final_score": 20.596980000000002,
  "termination_reason": "competitor_terminated",
  "hint_tokens": 5500,
  "remaining_tokens": 9059698.0,
  "participant_id": "93c1006e-3da7-49cb-b54c-251dff0c4f88",
  "solved_problems": [],
  "submission_trial": {
    "1325_bronze_rotate_and_shift": [
      [
        "RE",
        0,
        10
      ],
      [
        "RE",
        0,
        10
      ]
    ],
    "1323_bronze_feb": [
      [
        "RE",
        0,
        10
      ],
      [
        "RE",
        0,
        10
      ],
      [
        "RE",
        0,
        10
      ],
      [
        "RE",
        0,
        10
      ],
      [
        "RE",
        0,
        10
      ]
    ]
  },
  "tokens_score": [
    [
      2462.0,
      99.97538
    ],
    [
      9121.0,
      99.90879
    ],
    [
      28732.0,
      99.71267999999999
    ],
    [
      62609.0,
      89.37391
    ],
    [
      100220.0,
      88.9978
    ],
    [
      161857.0,
      78.38143000000001
    ],
    [
      225712.0,
      77.74288
    ],
    [
      293713.0,
      77.06287
    ],
    [
      371616.0,
      66.28384
    ],
    [
      453246.0,
      65.46754
    ],
    [
      555935.0,
      54.440650000000005
    ],
    [
      659836.0,
      43.40164
    ],
    [
      763670.0,
      32.36330000000001
    ],
    [
      858349.0,
      21.416509999999988
    ],
    [
      940302.0,
      20.596980000000002
    ],
    [
      940302.0,
      20.596980000000002
    ]
  ]
}