{
  "final_score": 33.93133,
  "termination_reason": "competitor_terminated",
  "hint_tokens": 5500,
  "remaining_tokens": 9393133.0,
  "participant_id": "5371b7fe-8cae-47c7-9ac0-3fd03839fa9e",
  "solved_problems": [],
  "submission_trial": {
    "1323_bronze_feb": [
      [
        "RE",
        0,
        10
      ],
      [
        "RE",
        0,
        10
      ],
      [
        "RE",
        0,
        10
      ],
      [
        "RE",
        0,
        10
      ],
      [
        "RE",
        0,
        10
      ],
      [
        "RE",
        0,
        10
      ]
    ]
  },
  "tokens_score": [
    [
      2456.0,
      99.97544
    ],
    [
      8845.0,
      89.91155
    ],
    [
      18462.0,
      89.81538
    ],
    [
      37908.0,
      79.62092
    ],
    [
      61081.0,
      79.38919
    ],
    [
      105393.0,
      68.94606999999999
    ],
    [
      152437.0,
      68.47563000000001
    ],
    [
      211027.0,
      57.88973
    ],
    [
      272841.0,
      57.27159
    ],
    [
      344353.0,
      46.556470000000004
    ],
    [
      419595.0,
      45.80404999999999
    ],
    [
      513857.0,
      34.86143
    ],
    [
      606867.0,
      33.93133
    ],
    [
      606867.0,
      33.93133
    ]
  ]
}