{
  "final_score": 56.13292,
  "termination_reason": "competitor_terminated",
  "hint_tokens": 5500,
  "remaining_tokens": 9613292.0,
  "participant_id": "efc35a09-d2ff-4ffe-9d0c-9ff491a0a505",
  "solved_problems": [],
  "submission_trial": {
    "1325_bronze_rotate_and_shift": [
      [
        "RE",
        0,
        10
      ],
      [
        "RE",
        0,
        10
      ]
    ],
    "1324_bronze_moo_language": [
      [
        "RE",
        0,
        10
      ],
      [
        "RE",
        0,
        10
      ]
    ]
  },
  "tokens_score": [
    [
      1385.0,
      99.98615
    ],
    [
      5350.0,
      99.9465
    ],
    [
      16819.0,
      99.83181
    ],
    [
      35916.0,
      89.64084
    ],
    [
      57725.0,
      89.42275000000001
    ],
    [
      92468.0,
      79.07532
    ],
    [
      128414.0,
      78.71586
    ],
    [
      167941.0,
      78.32059
    ],
    [
      214713.0,
      67.85287
    ],
    [
      264196.0,
      67.35804
    ],
    [
      325465.0,
      56.74535
    ],
    [
      386708.0,
      56.13292
    ],
    [
      386708.0,
      56.13292
    ]
  ]
}