{
  "final_score": 32.517179999999996,
  "termination_reason": "error",
  "hint_tokens": 6500,
  "remaining_tokens": 9251718.0,
  "participant_id": "be99928b-deb6-4234-b168-bf891b274561",
  "solved_problems": [],
  "submission_trial": {
    "1325_bronze_rotate_and_shift": [
      [
        "RE",
        0,
        10
      ],
      [
        "RE",
        0,
        10
      ],
      [
        "RE",
        0,
        10
      ],
      [
        "RE",
        0,
        10
      ],
      [
        "RE",
        0,
        10
      ],
      [
        "RE",
        0,
        10
      ]
    ]
  },
  "tokens_score": [
    [
      2462.0,
      99.97538
    ],
    [
      9337.0,
      89.90662999999999
    ],
    [
      19451.0,
      89.80548999999999
    ],
    [
      43898.0,
      79.56102
    ],
    [
      72078.0,
      79.27922
    ],
    [
      124607.0,
      68.75393
    ],
    [
      180369.0,
      68.19631
    ],
    [
      250792.0,
      57.49208
    ],
    [
      324945.0,
      56.750550000000004
    ],
    [
      423388.0,
      45.76612
    ],
    [
      524803.0,
      44.75197
    ],
    [
      636937.0,
      33.63063
    ],
    [
      748282.0,
      32.517179999999996
    ],
    [
      748282.0,
      32.517179999999996
    ]
  ]
}