{
  "final_score": 43.19529,
  "termination_reason": "competitor_terminated",
  "hint_tokens": 5500,
  "remaining_tokens": 9319529.0,
  "participant_id": "8a800e29-a46e-4fed-9076-d42c76d1575f",
  "solved_problems": [],
  "submission_trial": {
    "1325_bronze_rotate_and_shift": [
      [
        "RE",
        0,
        10
      ],
      [
        "RE",
        0,
        10
      ],
      [
        "RE",
        0,
        10
      ],
      [
        "RE",
        0,
        10
      ],
      [
        "RE",
        0,
        10
      ]
    ]
  },
  "tokens_score": [
    [
      2462.0,
      99.97538
    ],
    [
      9621.0,
      99.90379
    ],
    [
      31001.0,
      89.68999
    ],
    [
      56115.0,
      89.43885
    ],
    [
      105456.0,
      78.94543999999999
    ],
    [
      157534.0,
      78.42466
    ],
    [
      222201.0,
      67.77799
    ],
    [
      290102.0,
      67.09898
    ],
    [
      372582.0,
      56.27418
    ],
    [
      459146.0,
      55.40854
    ],
    [
      569656.0,
      44.30344000000001
    ],
    [
      680471.0,
      43.19529
    ],
    [
      680471.0,
      43.19529
    ]
  ]
}