{
  "final_score": -4.988489999999999,
  "termination_reason": "competitor_terminated",
  "hint_tokens": 4000,
  "remaining_tokens": 9501151.0,
  "participant_id": "77ea5139-0dd9-4bfa-a348-27ec034976d6",
  "solved_problems": [],
  "submission_trial": {
    "1325_bronze_rotate_and_shift": [
      [
        "RE",
        0,
        10
      ],
      [
        "RE",
        0,
        10
      ],
      [
        "RE",
        0,
        10
      ],
      [
        "RE",
        0,
        10
      ],
      [
        "RE",
        0,
        10
      ],
      [
        "RE",
        0,
        10
      ],
      [
        "RE",
        0,
        10
      ],
      [
        "RE",
        0,
        10
      ],
      [
        "RE",
        0,
        10
      ],
      [
        "RE",
        0,
        10
      ]
    ]
  },
  "tokens_score": [
    [
      1385.0,
      99.98615
    ],
    [
      5259.0,
      89.94741
    ],
    [
      11345.0,
      89.88655
    ],
    [
      25061.0,
      79.74939
    ],
    [
      41619.0,
      79.58381
    ],
    [
      71173.0,
      69.28827
    ],
    [
      103439.0,
      68.96561
    ],
    [
      148699.0,
      58.513009999999994
    ],
    [
      195945.0,
      48.04055000000001
    ],
    [
      245109.0,
      37.54891000000001
    ],
    [
      296311.0,
      27.03689
    ],
    [
      348468.0,
      16.515320000000003
    ],
    [
      400369.0,
      5.996309999999994
    ],
    [
      453160.0,
      -4.531599999999997
    ],
    [
      498849.0,
      -4.988489999999999
    ],
    [
      498849.0,
      -4.988489999999999
    ]
  ]
}