{
  "sf-deepseek-v3": {
    "final_score": 46.9144,
    "termination_reason": "competitor_terminated",
    "hint_tokens": 4000,
    "remaining_tokens": 9691440.0,
    "participant_id": "4abcb7de-aa4c-4c15-91ca-519f402bed49",
    "solved_problems": [],
    "submission_trial": {
      "1325_bronze_rotate_and_shift": [
        [
          "RE",
          0,
          10
        ],
        [
          "RE",
          0,
          10
        ],
        [
          "RE",
          0,
          10
        ],
        [
          "RE",
          0,
          10
        ],
        [
          "RE",
          0,
          10
        ]
      ]
    },
    "tokens_score": [
      [
        1385.0,
        99.98615
      ],
      [
        5850.0,
        99.9415
      ],
      [
        17954.0,
        89.82046
      ],
      [
        32770.0,
        89.6723
      ],
      [
        60483.0,
        79.39517
      ],
      [
        89908.0,
        79.10092
      ],
      [
        126309.0,
        68.73691
      ],
      [
        164921.0,
        68.35079
      ],
      [
        211210.0,
        57.8879
      ],
      [
        259239.0,
        47.407610000000005
      ],
      [
        308560.0,
        46.9144
      ],
      [
        308560.0,
        46.9144
      ]
    ]
  },
  "sf-deepseek-v32": {
    "final_score": 46.19149999999999,
    "termination_reason": "competitor_terminated",
    "hint_tokens": 4500,
    "remaining_tokens": 9619150.0,
    "participant_id": "c4a1c8f1-39d6-4c68-bae5-a0c94d1fd7e0",
    "solved_problems": [],
    "submission_trial": {
      "1325_bronze_rotate_and_shift": [
        [
          "RE",
          0,
          10
        ],
        [
          "RE",
          0,
          10
        ],
        [
          "RE",
          0,
          10
        ],
        [
          "RE",
          0,
          10
        ],
        [
          "RE",
          0,
          10
        ]
      ]
    },
    "tokens_score": [
      [
        1385.0,
        99.98615
      ],
      [
        5350.0,
        99.9465
      ],
      [
        16819.0,
        99.83181
      ],
      [
        35919.0,
        89.64081
      ],
      [
        57731.0,
        89.42269
      ],
      [
        92404.0,
        79.07596
      ],
      [
        128789.0,
        78.71211
      ],
      [
        172105.0,
        68.27895
      ],
      [
        217634.0,
        67.82366
      ],
      [
        270811.0,
        57.29189000000001
      ],
      [
        325765.0,
        46.74235
      ],
      [
        380850.0,
        46.19149999999999
      ],
      [
        380850.0,
        46.19149999999999
      ]
    ]
  },
  "competition_id": "a81ce432-a2d2-4625-9449-e0c20dfa31f2"
}