{
  "sf-deepseek-v3": {
    "final_score": 45.56318,
    "termination_reason": "competitor_terminated",
    "hint_tokens": 4000,
    "remaining_tokens": 9556318.0,
    "participant_id": "71e9e38b-cecb-409f-871d-0ecbc574729c",
    "solved_problems": [],
    "submission_trial": {
      "1325_bronze_rotate_and_shift": [
        [
          "RE",
          0,
          10
        ],
        [
          "RE",
          0,
          10
        ],
        [
          "RE",
          0,
          10
        ]
      ],
      "1323_bronze_feb": [
        [
          "RE",
          0,
          10
        ],
        [
          "RE",
          0,
          10
        ]
      ]
    },
    "tokens_score": [
      [
        2462.0,
        99.97538
      ],
      [
        9234.0,
        89.90765999999999
      ],
      [
        19245.0,
        89.80755
      ],
      [
        43463.0,
        79.56537
      ],
      [
        71415.0,
        79.28585
      ],
      [
        123336.0,
        68.76664000000001
      ],
      [
        177705.0,
        58.22295
      ],
      [
        234287.0,
        57.65713000000001
      ],
      [
        294850.0,
        47.051500000000004
      ],
      [
        359143.0,
        46.40857
      ],
      [
        443682.0,
        45.56318
      ],
      [
        443682.0,
        45.56318
      ]
    ]
  },
  "sf-deepseek-v32": {
    "final_score": -23.760350000000003,
    "termination_reason": "competitor_terminated",
    "hint_tokens": 7000,
    "remaining_tokens": 8623965.0,
    "participant_id": "0333d87a-7722-4016-9d3f-2dc638a852e7",
    "solved_problems": [],
    "submission_trial": {
      "1325_bronze_rotate_and_shift": [
        [
          "RE",
          0,
          10
        ],
        [
          "RE",
          0,
          10
        ],
        [
          "RE",
          0,
          10
        ],
        [
          "RE",
          0,
          10
        ],
        [
          "RE",
          0,
          10
        ],
        [
          "RE",
          0,
          10
        ],
        [
          "RE",
          0,
          10
        ],
        [
          "RE",
          0,
          10
        ],
        [
          "RE",
          0,
          10
        ],
        [
          "RE",
          0,
          10
        ],
        [
          "RE",
          0,
          10
        ]
      ]
    },
    "tokens_score": [
      [
        2462.0,
        99.97538
      ],
      [
        9621.0,
        99.90379
      ],
      [
        31135.0,
        89.68865
      ],
      [
        56382.0,
        89.43618
      ],
      [
        105626.0,
        78.94374
      ],
      [
        157601.0,
        78.42398999999999
      ],
      [
        222223.0,
        67.77777
      ],
      [
        290077.0,
        67.09923
      ],
      [
        372245.0,
        56.277550000000005
      ],
      [
        457028.0,
        55.42971999999999
      ],
      [
        546277.0,
        44.53723000000001
      ],
      [
        637355.0,
        43.626450000000006
      ],
      [
        749141.0,
        32.50859
      ],
      [
        848926.0,
        21.51074
      ],
      [
        949795.0,
        10.502049999999997
      ],
      [
        1028789.0,
        -0.2878900000000044
      ],
      [
        1109546.0,
        -1.0954600000000028
      ],
      [
        1201740.0,
        -12.017399999999995
      ],
      [
        1295174.0,
        -22.95174
      ],
      [
        1376035.0,
        -23.760350000000003
      ],
      [
        1376035.0,
        -23.760350000000003
      ]
    ]
  },
  "competition_id": "ded7c26e-779f-4a48-8d5b-69e44dc604a2"
}