{
  "sf-deepseek-v3": {
    "final_score": 56.13292,
    "termination_reason": "competitor_terminated",
    "hint_tokens": 5500,
    "remaining_tokens": 9613292.0,
    "participant_id": "efc35a09-d2ff-4ffe-9d0c-9ff491a0a505",
    "solved_problems": [],
    "submission_trial": {
      "1325_bronze_rotate_and_shift": [
        [
          "RE",
          0,
          10
        ],
        [
          "RE",
          0,
          10
        ]
      ],
      "1324_bronze_moo_language": [
        [
          "RE",
          0,
          10
        ],
        [
          "RE",
          0,
          10
        ]
      ]
    },
    "tokens_score": [
      [
        1385.0,
        99.98615
      ],
      [
        5350.0,
        99.9465
      ],
      [
        16819.0,
        99.83181
      ],
      [
        35916.0,
        89.64084
      ],
      [
        57725.0,
        89.42275000000001
      ],
      [
        92468.0,
        79.07532
      ],
      [
        128414.0,
        78.71586
      ],
      [
        167941.0,
        78.32059
      ],
      [
        214713.0,
        67.85287
      ],
      [
        264196.0,
        67.35804
      ],
      [
        325465.0,
        56.74535
      ],
      [
        386708.0,
        56.13292
      ],
      [
        386708.0,
        56.13292
      ]
    ]
  },
  "sf-deepseek-v32": {
    "final_score": 47.23392,
    "termination_reason": "competitor_terminated",
    "hint_tokens": 4000,
    "remaining_tokens": 9723392.0,
    "participant_id": "e7eb885c-0006-446e-bfc6-b40689a4109e",
    "solved_problems": [],
    "submission_trial": {
      "1325_bronze_rotate_and_shift": [
        [
          "RE",
          0,
          10
        ],
        [
          "RE",
          0,
          10
        ],
        [
          "RE",
          0,
          10
        ],
        [
          "RE",
          0,
          10
        ],
        [
          "RE",
          0,
          10
        ]
      ]
    },
    "tokens_score": [
      [
        1385.0,
        99.98615
      ],
      [
        5256.0,
        89.94744
      ],
      [
        11338.0,
        89.88662000000001
      ],
      [
        25039.0,
        79.74961
      ],
      [
        41452.0,
        79.58548
      ],
      [
        70717.0,
        69.29283
      ],
      [
        101694.0,
        68.98306
      ],
      [
        139593.0,
        58.60406999999999
      ],
      [
        179706.0,
        58.20294000000001
      ],
      [
        227491.0,
        47.72509000000001
      ],
      [
        276608.0,
        47.23392
      ],
      [
        276608.0,
        47.23392
      ]
    ]
  },
  "competition_id": "a64995ab-f24b-47b7-b1a6-7a24ac48e7cd"
}