{
  "sf-deepseek-v3": {
    "final_score": 22.870410000000007,
    "termination_reason": "error",
    "hint_tokens": 6000,
    "remaining_tokens": 9287041.0,
    "participant_id": "0f8216ff-5026-46a4-a3a8-dc7502990d2d",
    "solved_problems": [],
    "submission_trial": {
      "1325_bronze_rotate_and_shift": [
        [
          "RE",
          0,
          10
        ],
        [
          "RE",
          0,
          10
        ],
        [
          "RE",
          0,
          10
        ],
        [
          "RE",
          0,
          10
        ],
        [
          "RE",
          0,
          10
        ],
        [
          "RE",
          0,
          10
        ],
        [
          "RE",
          0,
          10
        ]
      ]
    },
    "tokens_score": [
      [
        2462.0,
        99.97538
      ],
      [
        9277.0,
        89.90723
      ],
      [
        19325.0,
        89.80675
      ],
      [
        43698.0,
        79.56302000000001
      ],
      [
        71809.0,
        79.28191
      ],
      [
        124041.0,
        68.75959
      ],
      [
        179006.0,
        68.20993999999999
      ],
      [
        246687.0,
        57.53313
      ],
      [
        318099.0,
        56.819010000000006
      ],
      [
        414121.0,
        45.85879
      ],
      [
        513249.0,
        34.867509999999996
      ],
      [
        613362.0,
        23.866380000000007
      ],
      [
        712959.0,
        22.870410000000007
      ],
      [
        712959.0,
        22.870410000000007
      ]
    ]
  },
  "sf-deepseek-v32": {
    "final_score": 33.93133,
    "termination_reason": "competitor_terminated",
    "hint_tokens": 5500,
    "remaining_tokens": 9393133.0,
    "participant_id": "5371b7fe-8cae-47c7-9ac0-3fd03839fa9e",
    "solved_problems": [],
    "submission_trial": {
      "1323_bronze_feb": [
        [
          "RE",
          0,
          10
        ],
        [
          "RE",
          0,
          10
        ],
        [
          "RE",
          0,
          10
        ],
        [
          "RE",
          0,
          10
        ],
        [
          "RE",
          0,
          10
        ],
        [
          "RE",
          0,
          10
        ]
      ]
    },
    "tokens_score": [
      [
        2456.0,
        99.97544
      ],
      [
        8845.0,
        89.91155
      ],
      [
        18462.0,
        89.81538
      ],
      [
        37908.0,
        79.62092
      ],
      [
        61081.0,
        79.38919
      ],
      [
        105393.0,
        68.94606999999999
      ],
      [
        152437.0,
        68.47563000000001
      ],
      [
        211027.0,
        57.88973
      ],
      [
        272841.0,
        57.27159
      ],
      [
        344353.0,
        46.556470000000004
      ],
      [
        419595.0,
        45.80404999999999
      ],
      [
        513857.0,
        34.86143
      ],
      [
        606867.0,
        33.93133
      ],
      [
        606867.0,
        33.93133
      ]
    ]
  },
  "competition_id": "2f3b318f-383e-4bef-afaa-bcd343025013"
}